index,test_file,mutation_run,error
docs_python\100_doors\implementation.py,C:\Users\punksters\git\gen-test-bench\data\generated_passing\docs_python\100_doors\test_gpt_4o_2024_08_06.py,,"C:\Users\punksters\AppData\Local\Microsoft\WindowsApps\PythonSoftwareFoundation.Python.3.12_qbz5n2kfra8p0\python.exe: No module named mutpy
"
docs_python\anagrams_deranged_anagrams\implementation.py,C:\Users\punksters\git\gen-test-bench\data\generated_passing\docs_python\anagrams_deranged_anagrams\test_deepseek_coder.py,,"C:\Users\punksters\AppData\Local\Microsoft\WindowsApps\PythonSoftwareFoundation.Python.3.12_qbz5n2kfra8p0\python.exe: No module named mutpy
"
docs_python\associative_array_merging\implementation.py,C:\Users\punksters\git\gen-test-bench\data\generated_passing\docs_python\associative_array_merging\test_deepseek_coder.py,,"C:\Users\punksters\AppData\Local\Microsoft\WindowsApps\PythonSoftwareFoundation.Python.3.12_qbz5n2kfra8p0\python.exe: No module named mutpy
"
docs_python\averages_simple_moving_average\implementation.py,C:\Users\punksters\git\gen-test-bench\data\generated_passing\docs_python\averages_simple_moving_average\test_gemini_1_5_pro_002.py,,"C:\Users\punksters\AppData\Local\Microsoft\WindowsApps\PythonSoftwareFoundation.Python.3.12_qbz5n2kfra8p0\python.exe: No module named mutpy
"
docs_python\base64_decode_data\implementation.py,C:\Users\punksters\git\gen-test-bench\data\generated_passing\docs_python\base64_decode_data\test_gemini_1_5_pro_002.py,,"C:\Users\punksters\AppData\Local\Microsoft\WindowsApps\PythonSoftwareFoundation.Python.3.12_qbz5n2kfra8p0\python.exe: No module named mutpy
"
docs_python\base64_decode_data\implementation.py,C:\Users\punksters\git\gen-test-bench\data\generated_passing\docs_python\base64_decode_data\test_gpt_4o_2024_08_06.py,,"C:\Users\punksters\AppData\Local\Microsoft\WindowsApps\PythonSoftwareFoundation.Python.3.12_qbz5n2kfra8p0\python.exe: No module named mutpy
"
docs_python\command_line_arguments\implementation.py,C:\Users\punksters\git\gen-test-bench\data\generated_passing\docs_python\command_line_arguments\test_gemini_1_5_pro_002.py,,"C:\Users\punksters\AppData\Local\Microsoft\WindowsApps\PythonSoftwareFoundation.Python.3.12_qbz5n2kfra8p0\python.exe: No module named mutpy
"
docs_python\conway_s_game_of_life\implementation.py,C:\Users\punksters\git\gen-test-bench\data\generated_passing\docs_python\conway_s_game_of_life\test_deepseek_coder.py,,"C:\Users\punksters\AppData\Local\Microsoft\WindowsApps\PythonSoftwareFoundation.Python.3.12_qbz5n2kfra8p0\python.exe: No module named mutpy
"
docs_python\conway_s_game_of_life\implementation.py,C:\Users\punksters\git\gen-test-bench\data\generated_passing\docs_python\conway_s_game_of_life\test_gpt_4o_2024_08_06.py,,"C:\Users\punksters\AppData\Local\Microsoft\WindowsApps\PythonSoftwareFoundation.Python.3.12_qbz5n2kfra8p0\python.exe: No module named mutpy
"
docs_python\day_of_the_week\implementation.py,C:\Users\punksters\git\gen-test-bench\data\generated_passing\docs_python\day_of_the_week\test_gemini_1_5_pro_002.py,,"C:\Users\punksters\AppData\Local\Microsoft\WindowsApps\PythonSoftwareFoundation.Python.3.12_qbz5n2kfra8p0\python.exe: No module named mutpy
"
docs_python\delegates\implementation.py,C:\Users\punksters\git\gen-test-bench\data\generated_passing\docs_python\delegates\test_gpt_4o_2024_08_06.py,,"C:\Users\punksters\AppData\Local\Microsoft\WindowsApps\PythonSoftwareFoundation.Python.3.12_qbz5n2kfra8p0\python.exe: No module named mutpy
"
docs_python\department_numbers\implementation.py,C:\Users\punksters\git\gen-test-bench\data\generated_passing\docs_python\department_numbers\test_deepseek_coder.py,,"C:\Users\punksters\AppData\Local\Microsoft\WindowsApps\PythonSoftwareFoundation.Python.3.12_qbz5n2kfra8p0\python.exe: No module named mutpy
"
docs_python\determine_if_a_string_is_squeezable\implementation.py,C:\Users\punksters\git\gen-test-bench\data\generated_passing\docs_python\determine_if_a_string_is_squeezable\test_gemini_1_5_pro_002.py,,"C:\Users\punksters\AppData\Local\Microsoft\WindowsApps\PythonSoftwareFoundation.Python.3.12_qbz5n2kfra8p0\python.exe: No module named mutpy
"
docs_python\dijkstra_s_algorithm\implementation.py,C:\Users\punksters\git\gen-test-bench\data\generated_passing\docs_python\dijkstra_s_algorithm\test_gemini_1_5_pro_002.py,,"C:\Users\punksters\AppData\Local\Microsoft\WindowsApps\PythonSoftwareFoundation.Python.3.12_qbz5n2kfra8p0\python.exe: No module named mutpy
"
docs_python\doubly_linked_list_element_insertion\implementation.py,C:\Users\punksters\git\gen-test-bench\data\generated_passing\docs_python\doubly_linked_list_element_insertion\test_gemini_1_5_pro_002.py,,"C:\Users\punksters\AppData\Local\Microsoft\WindowsApps\PythonSoftwareFoundation.Python.3.12_qbz5n2kfra8p0\python.exe: No module named mutpy
"
docs_python\doubly_linked_list_traversal\implementation.py,C:\Users\punksters\git\gen-test-bench\data\generated_passing\docs_python\doubly_linked_list_traversal\test_gemini_1_5_pro_002.py,,"C:\Users\punksters\AppData\Local\Microsoft\WindowsApps\PythonSoftwareFoundation.Python.3.12_qbz5n2kfra8p0\python.exe: No module named mutpy
"
docs_python\dragon_curve\implementation.py,C:\Users\punksters\git\gen-test-bench\data\generated_passing\docs_python\dragon_curve\test_gemini_1_5_pro_002.py,,"C:\Users\punksters\AppData\Local\Microsoft\WindowsApps\PythonSoftwareFoundation.Python.3.12_qbz5n2kfra8p0\python.exe: No module named mutpy
"
docs_python\egyptian_fractions\implementation.py,C:\Users\punksters\git\gen-test-bench\data\generated_passing\docs_python\egyptian_fractions\test_gemini_1_5_pro_002.py,,"C:\Users\punksters\AppData\Local\Microsoft\WindowsApps\PythonSoftwareFoundation.Python.3.12_qbz5n2kfra8p0\python.exe: No module named mutpy
"
docs_python\execute_a_markov_algorithm\implementation.py,C:\Users\punksters\git\gen-test-bench\data\generated_passing\docs_python\execute_a_markov_algorithm\test_gemini_1_5_pro_002.py,,"C:\Users\punksters\AppData\Local\Microsoft\WindowsApps\PythonSoftwareFoundation.Python.3.12_qbz5n2kfra8p0\python.exe: No module named mutpy
"
docs_python\execute_a_system_command\implementation.py,C:\Users\punksters\git\gen-test-bench\data\generated_passing\docs_python\execute_a_system_command\test_deepseek_coder.py,,"C:\Users\punksters\AppData\Local\Microsoft\WindowsApps\PythonSoftwareFoundation.Python.3.12_qbz5n2kfra8p0\python.exe: No module named mutpy
"
docs_python\execute_a_system_command\implementation.py,C:\Users\punksters\git\gen-test-bench\data\generated_passing\docs_python\execute_a_system_command\test_gemini_1_5_pro_002.py,,"C:\Users\punksters\AppData\Local\Microsoft\WindowsApps\PythonSoftwareFoundation.Python.3.12_qbz5n2kfra8p0\python.exe: No module named mutpy
"
docs_python\extensible_prime_generator\implementation.py,C:\Users\punksters\git\gen-test-bench\data\generated_passing\docs_python\extensible_prime_generator\test_gemini_1_5_pro_002.py,,"C:\Users\punksters\AppData\Local\Microsoft\WindowsApps\PythonSoftwareFoundation.Python.3.12_qbz5n2kfra8p0\python.exe: No module named mutpy
"
docs_python\find_limit_of_recursion\implementation.py,C:\Users\punksters\git\gen-test-bench\data\generated_passing\docs_python\find_limit_of_recursion\test_gpt_4o_2024_08_06.py,,"C:\Users\punksters\AppData\Local\Microsoft\WindowsApps\PythonSoftwareFoundation.Python.3.12_qbz5n2kfra8p0\python.exe: No module named mutpy
"
docs_python\gray_code\implementation.py,C:\Users\punksters\git\gen-test-bench\data\generated_passing\docs_python\gray_code\test_gpt_4o_2024_08_06.py,,"C:\Users\punksters\AppData\Local\Microsoft\WindowsApps\PythonSoftwareFoundation.Python.3.12_qbz5n2kfra8p0\python.exe: No module named mutpy
"
docs_python\hash_join\implementation.py,C:\Users\punksters\git\gen-test-bench\data\generated_passing\docs_python\hash_join\test_deepseek_coder.py,,"C:\Users\punksters\AppData\Local\Microsoft\WindowsApps\PythonSoftwareFoundation.Python.3.12_qbz5n2kfra8p0\python.exe: No module named mutpy
"
docs_python\hash_join\implementation.py,C:\Users\punksters\git\gen-test-bench\data\generated_passing\docs_python\hash_join\test_gemini_1_5_pro_002.py,,"C:\Users\punksters\AppData\Local\Microsoft\WindowsApps\PythonSoftwareFoundation.Python.3.12_qbz5n2kfra8p0\python.exe: No module named mutpy
"
docs_python\hash_join\implementation.py,C:\Users\punksters\git\gen-test-bench\data\generated_passing\docs_python\hash_join\test_gpt_4o_2024_08_06.py,,"C:\Users\punksters\AppData\Local\Microsoft\WindowsApps\PythonSoftwareFoundation.Python.3.12_qbz5n2kfra8p0\python.exe: No module named mutpy
"
docs_python\hello_world_newline_omission\implementation.py,C:\Users\punksters\git\gen-test-bench\data\generated_passing\docs_python\hello_world_newline_omission\test_gemini_1_5_pro_002.py,,"C:\Users\punksters\AppData\Local\Microsoft\WindowsApps\PythonSoftwareFoundation.Python.3.12_qbz5n2kfra8p0\python.exe: No module named mutpy
"
docs_python\kronecker_product\implementation.py,C:\Users\punksters\git\gen-test-bench\data\generated_passing\docs_python\kronecker_product\test_gpt_4o_2024_08_06.py,,"C:\Users\punksters\AppData\Local\Microsoft\WindowsApps\PythonSoftwareFoundation.Python.3.12_qbz5n2kfra8p0\python.exe: No module named mutpy
"
docs_python\largest_int_from_concatenated_ints\implementation.py,C:\Users\punksters\git\gen-test-bench\data\generated_passing\docs_python\largest_int_from_concatenated_ints\test_deepseek_coder.py,,"C:\Users\punksters\AppData\Local\Microsoft\WindowsApps\PythonSoftwareFoundation.Python.3.12_qbz5n2kfra8p0\python.exe: No module named mutpy
"
docs_python\longest_common_substring\implementation.py,C:\Users\punksters\git\gen-test-bench\data\generated_passing\docs_python\longest_common_substring\test_deepseek_coder.py,,"C:\Users\punksters\AppData\Local\Microsoft\WindowsApps\PythonSoftwareFoundation.Python.3.12_qbz5n2kfra8p0\python.exe: No module named mutpy
"
docs_python\longest_common_substring\implementation.py,C:\Users\punksters\git\gen-test-bench\data\generated_passing\docs_python\longest_common_substring\test_gpt_4o_2024_08_06.py,,"C:\Users\punksters\AppData\Local\Microsoft\WindowsApps\PythonSoftwareFoundation.Python.3.12_qbz5n2kfra8p0\python.exe: No module named mutpy
"
docs_python\loops_with_multiple_ranges\implementation.py,C:\Users\punksters\git\gen-test-bench\data\generated_passing\docs_python\loops_with_multiple_ranges\test_deepseek_coder.py,,"C:\Users\punksters\AppData\Local\Microsoft\WindowsApps\PythonSoftwareFoundation.Python.3.12_qbz5n2kfra8p0\python.exe: No module named mutpy
"
docs_python\loops_wrong_ranges\implementation.py,C:\Users\punksters\git\gen-test-bench\data\generated_passing\docs_python\loops_wrong_ranges\test_gemini_1_5_pro_002.py,,"C:\Users\punksters\AppData\Local\Microsoft\WindowsApps\PythonSoftwareFoundation.Python.3.12_qbz5n2kfra8p0\python.exe: No module named mutpy
"
docs_python\loops_wrong_ranges\implementation.py,C:\Users\punksters\git\gen-test-bench\data\generated_passing\docs_python\loops_wrong_ranges\test_gpt_4o_2024_08_06.py,,"C:\Users\punksters\AppData\Local\Microsoft\WindowsApps\PythonSoftwareFoundation.Python.3.12_qbz5n2kfra8p0\python.exe: No module named mutpy
"
